part_id,show,part_number,part_brand,subcategory,part_image,operating_voltage,max_hp,min_hp,max_tons,min_tons,max_capacitance,min_capacitance,tolerance,torque_increase,ingress_protection,certifications,nema_rating
010989C3-9DA5-4008-9421-1B5FDFB9059E,,WJ41X190,GE,,,,,,,,,,,,,,
0118F106-862D-4C2A-A8C5-8ADA04E324CE,,50110011N001,FEDDERS,,,,,,,,,,,,,,
015407C2-436F-4CF8-B91A-9C792FDFDCF1,,KSASH1101AAA,CARRIER,,,,,,,,,,,,,,
0194346B-FB07-46F7-8F53-3F1FF49518EA,,LB-21200BW,LENNOX,,,,,,,,,,,,,,
01A6AC22-B8EA-49F1-9AD9-7821B0987BE1,,B0000018,WEATHERKING,,,,,,,,,,,,,,
02241863-68B8-45C2-B796-A77A16586751,,A250904,WESTINGHOUSE,,,,,,,,,,,,,,
02B8671D-737F-4806-B4E4-9F32B1446439,,64261D06,CARRIER,,,,,,,,,,,,,,
03612B6D-A8A4-47AF-B6F0-1D85564DEAAC,,S1-02413450000,YORK UPG,,,,,,,,,,,,,,
0399E80E-2962-4453-8EAE-37C7A5FF0523,,S1-3697-0901,COLEMAN,,,,,,,,,,,,,,
03D44705-60EC-43D0-B914-72F23C4EEDBF,,5303317601,CARRIER,,,,,,,,,,,,,,
0440C38E-8262-401A-9EA2-0C725F0511C9,,KSAHS0801AAA,CARRIER,,,,,,,,,,,,,,
04B3DF44-2C1A-4608-93E2-8DEBFB2DD86E,,B-23,WEATHERKING,,,,,,,,,,,,,,
04F81276-AE93-43B3-B187-A3489EA25922,,309326-701,CARRIER,,,,,,,,,,,,,,
06DEA7DD-CA55-4D74-BA2C-272A985F7C21,,KIT07908,AMERICAN STANDARD,,,,,,,,,,,,,,
0703819B-7285-4FCB-BA68-D1CCC18AE858,,PCHSTART001A00,CARRIER,,,,,,,,,,,,,,
075E24D1-966D-49D2-91E7-92B941FBBB49,,LB-59343CB,LENNOX,,,,,,,,,,,,,,
077D8AA5-946C-4AC1-A215-6A362ABCBCBD,,LB-31200BT,LENNOX,,,,,,,,,,,,,,
081A7231-C92F-4BCB-B995-70BA851F268B,,SK-B3-1,RHEEM,,,,,,,,,,,,,,
097B0B02-DD37-4AEA-9B5F-6CAA01B40799,,R0157054,AMANA,HARD START KIT,,,,,,,,,,,,,
0B3AB9D6-B5FC-4F30-9F73-D914193E44B0,,E11391,FEDDERS,,,,,,,,,,,,,,
0BDC5E20-62F6-4292-A6B1-2DC05C0E5477,,S1-46272614000,YORK UPG,,,,,,,,,,,,,,
0CA2A2B1-7891-4BDD-89A0-BD8318886881,,313912-755,CARRIER,,,,,,,,,,,,,,
0CC9887C-7701-46F9-94A1-7A5ECF36A031,,S1-6818-8601,COLEMAN,,,,,,,,,,,,,,
0CD00C97-2FE5-4786-B59D-8CEC56EAAEF4,,50110011N001,HAMPTON,,,,,,,,,,,,,,
0DD4E616-D0D1-4A5B-A84E-E26B74474C23,,8170072,HEIL,,,,,,,,,,,,,,
0DE9B1FA-F255-4045-8DDE-3ECAC32B183D,,81700-72,ARCOAIRE,,,,,,,,,,,,,,
0E83E827-1F08-41AA-A548-15F3686237BF,,KIT07908,TRANE,,,,,,,,,,,,,,
0EF3DD8F-9514-4EDD-BF15-A8744C5C4ED6,,319703-201,CARRIER,,,,,,,,,,,,,,
0EFAE3A8-91FB-4192-8630-47E0ED8D427D,,38GS900172,CARRIER,,,,,,,,,,,,,,
0F2A5B50-58F6-49FE-AE69-288BB167539A,,38TG900281,CARRIER,,,,,,,,,,,,,,
0F3400D4-AB0D-4AA0-A473-42636F615235,,SK-A1-4,RHEEM,,,,,,,,,,,,,,
0FEC2332-5DBD-4E1D-862A-4EAD35CE7350,,8A04082,ARCOAIRE,,,,,,,,,,,,,,
107AC137-7DB1-4AC4-9E25-F171E1925A37,,38GS900041,CARRIER,,,,,,,,,,,,,,
11A1FDEC-B29C-4214-BEE8-FD8F76CCDF30,,KIT00629,TRANE,,,,,,,,,,,,,,
11CD243D-6DCA-4EA3-8A67-CE4F6BF4B1F4,,S1-02420867001,YORK UPG,,,,,,,,,,,,,,
11DDEBC5-4200-4B49-BA8D-0B524A3C0024,,68183801,FRIEDRICH,,,,,,,,,,,,,,
12189819-ABA2-4FE8-85D6-2ADBC9EEFA21,,313912-753,CARRIER,,,,,,,,,,,,,,
1228CAA0-1224-4E40-8701-8A2667FBE224,,313965-759,CARRIER,,,,,,,,,,,,,,
13Y8KML8EMWUEWFIX8G5I1D6ER9ATGN1DZL1,,8014196,FRIGIDAIRE,,,,,,,,,,,,,,
1432925C-9DA2-41F9-BBF7-E9E4FCDFC05B,,SK-A3-1,RHEEM,,,,,,,,,,,,,,
14BC42A3-4943-481C-B50D-EBBE78D62A65,,S1-02431436000,YORK UPG,,,,,,,,,,,,,,
14D5E5AD-90BF-4414-9BB3-A02D82968BE2,,64261D05,CARRIER,,,,,,,,,,,,,,
14F1AC89-3B33-4D0A-ABCD-4FE253EE3954,,AR1570-56,CARRIER,,,,,,,,,,,,,,
14FEA936-EE7C-4DE6-A124-217ECF560247,,SK-A4,RHEEM,,,,,,,,,,,,,,
15148258-770F-46C0-BBA8-6DC54486EFEF,,KSAHS2001AAA,PAYNE,,,,,,,,,,,,,,
151A3977-AC8C-4726-BEE9-F47A3C897561,,P296-0005,CARRIER,,,,,,,,,,,,,,
152C0083-727D-4323-9D40-1D10807F9C7E,,LB-31200BN,LENNOX,,,,,,,,,,,,,,
1675477A-17D8-468C-8F4F-77291F4656A8,,SK-D2-2,RHEEM,,,,,,,,,,,,,,
16BCCCAB-EB36-4B47-9049-E0D78EB14D5A,,KSAHS0701AAA,DAY & NIGHT,,,,,,,,,,,,,,
182949B5-01F7-4DD5-B59B-F8CF44F8EEB4,,S1-7330-8611,COLEMAN,,,,,,,,,,,,,,
18CB679D-4BB2-46C1-9EF4-A5ED5BDB790E,,313965-757,CARRIER,,,,,,,,,,,,,,
19FFADFB-E0E8-463A-B3CE-ABF59ED69833,,38TG900271,CARRIER,,,,,,,,,,,,,,
1A0336E3-3A30-4A6D-A28C-452CC0D176D3,,389036-702,CARRIER,,,,,,,,,,,,,,
1A8BE768-EA85-4BCB-B084-FBF59CD89734,,R0156635,AMANA,HARD START KIT,,,,,,,,,,,,,
1AF7BDED-321A-4849-A55E-7175E5EBCD47,,WW41X207,TRANE,,,,,,,,,,,,,,
1B48CDD2-359A-4E66-803C-26D6C9D4FD53,,LB-31200BW,AIREASE,,,,,,,,,,,,,,
1CFC25D3-5711-44F1-A6D1-13E5051ACEEF,,LB-21300BM,LENNOX,,,,,,,,,,,,,,
1E10FAC2-6773-4B31-8F37-08E6F37C9AF3,,KSAHS2001AAA,BRYANT,,,,,,,,,,,,,,
1E118BDE-DFFB-4DD1-B16E-A16932418BAC,,8A04001,ARCOAIRE,,,,,,,,,,,,,,
1E4F318E-2B9A-49CC-922C-993BAC67AA7E,,2SA06705306,YORK UPG,,,,,,,,,,,,,,
1QYKYV1W4GZ2IZ8JALXULEGPQR7G4W4TZKTM,,3200347,KELVINATOR,,,,,,,,,,,,,,
200C7317-A109-47F1-842F-FB6348CA62A3,,P296-0004,CARRIER,,,,,,,,,,,,,,
2030BF7E-B4AA-42F0-82A2-F949F946B663,,LB-31200BJ,LENNOX,,,,,,,,,,,,,,
20F5D507-1AC5-4D65-8E51-77581FA51F45,,1201912,COMFORT,,,,,,,,,,,,,,
21143EBE-8B77-4C88-8229-B2B59F3CBD07,,42-20568-01,RHEEM,,,,,,,,,,,,,,
21F3412C-37B0-4D07-B09B-B59044B8A16A,,B945900,GOODMAN,HARD START KIT,,,,,,,,,,,,,
22FE9E30-65DB-48A6-B1E2-91309BAC2B72,,313912-760,CARRIER,,,,,,,,,,,,,,
23B1B423-12D3-489C-B51C-542FBB258A66,,P296-0003,CARRIER,,,,,,,,,,,,,,
24E1E6B3-C9E8-4B2A-BE89-8A75632B6E67,,8A4082,MCQUAY,,,,,,,,,,,,,,
260C1D30-1E8D-4C1A-AD83-CDC2131A988B,,8950087,WESTINGHOUSE,,,,,,,,,,,,,,
26F8A4BC-E0DD-4C5C-BE5B-051DF779DB17,,KSAHS2201AAA,PAYNE,,,,,,,,,,,,,,
2772A19D-FDCA-4473-9C6B-0CF881FD53C8,,P296-0002,CARRIER,,,,,,,,,,,,,,
280C6FA1-D6D9-4031-BF26-0225148EFE69,,SK-C3-1,WEATHERKING,,,,,,,,,,,,,,
28B15B9F-847D-4062-BBA8-249839D3438C,,R1570-55,AMANA,HARD START KIT,,,,,,,,,,,,,
2903138A-EAED-436E-AE1A-6DF667EEE6D1,,KSAHS0101AAA,CARRIER,,,,,,,,,,,,,,
2903A062-F2B2-4871-BCB3-EAD1C5C4F5F4,,5303201723,KELVINATOR,,,,,,,,,,,,,,
29F63AFB-A89E-4FCD-8291-43F2FD6FC5FF,,KAAHS1601AAA,CARRIER,,,,,,,,,,,,,,
2B8910F0-03C4-4B4D-AC92-26892C1647FC,,LB-31200BAC,LENNOX,,,,,,,,,,,,,,
2BFBCD7C-494C-4E53-B14C-51E5667A0B3D,,S1-02425398000,YORK UPG,,,,,,,,,,,,,,
2C29FE63-E437-489A-9332-B87AC251879A,,S1-9325-8601,COLEMAN,,,,,,,,,,,,,,
2CABCA55-7D92-4412-B69F-24A8DCA8823E,,1150397,HEIL,,,,,,,,,,,,,,
2E898590-8EF4-4A5A-BFFB-12702F1778E4,,KSAHS2101AAA,PAYNE,,,,,,,,,,,,,,
2ED405A2-E4B1-4945-891D-2ACDED7FED08,,WA250904,KELVINATOR,,,,,,,,,,,,,,
2EF82DC9-36DA-4D65-90A5-44E92B348E9A,,LB-31200BM,AIREASE,,,,,,,,,,,,,,
3001FE96-548C-4C7E-B2A5-70B05AF754F4,,38TG900361,CARRIER,,,,,,,,,,,,,,
30F5AED3-EBBD-4188-ACC4-FB2D3551442E,,B383002,AMANA,HARD START KIT,,,,,,,,,,,,,
31181E92-7BE4-4FD2-A138-2E944BA4C446,,2SA06702506,YORK UPG,,,,,,,,,,,,,,
316D914D-BD16-45CA-ACEB-34B23CED57C1,,KIT00628,TRANE,,,,,,,,,,,,,,
32643932-AA01-46A6-9502-FA2B5D9D1311,,SK-B1-1,RHEEM,,,,,,,,,,,,,,
32664394-6457-4AD4-A68F-E463164541D2,,685377-00,CARRIER,,,,,,,,,,,,,,
3312F22B-A3CD-4583-99B1-8140CCA1D602,,56A27,LENNOX,,,,,,,,,,,,,,
33A6B4CD-AEB2-42B1-920D-75ECCEC7D0E6,,LB-31200BP,LENNOX,,,,,,,,,,,,,,
33E2B860-192E-434E-8CAF-9AC13BD96D4B,,LB-312000BAR,LENNOX,,,,,,,,,,,,,,
342A887D-D228-440E-B750-B0E0224E9D60,,5303201723,CARRIER,,,,,,,,,,,,,,
34C2D787-9889-4DEC-BBCB-EFC39A807D15,,SK-C3-2,RHEEM,,,,,,,,,,,,,,
3530D96A-A9CB-4D4D-A7F1-323862CF63D8,,38TG900301,CARRIER,,,,,,,,,,,,,,
36BA4CC6-78A5-46C6-A8AB-5BA5ADAAA814,,319703-201,BRYANT,,,,,,,,,,,,,,
377CF8A2-ABE6-41E7-B01A-1D36B8B4AD5C,,484339,WHIRLPOOL,,,,,,,,,,,,,,
38A4B441-312F-4161-AFF1-93F836FB8768,,SK-A9,RHEEM,,,,,,,,,,,,,,
39880A0A-BE78-4BBF-A63D-4B42E2E7319A,,SK-A6-1,RHEEM,,,,,,,,,,,,,,
39F06454-D172-4C78-A620-A3B8D599FD1F,,S1-6824-8601,COLEMAN,,,,,,,,,,,,,,
3AF9D994-049C-40D6-82F5-FE907FED22F2,,64261D04,CARRIER,,,,,,,,,,,,,,
3AFBCB9D-4C5D-4DE6-94EA-0E2C69A6AAB7,,484397,WHIRLPOOL,,,,,,,,,,,,,,
3B4E771E-1899-4DF3-9C15-E475AF6EF0AF,,484359,WHIRLPOOL,,,,,,,,,,,,,,
3C81A639-A9E9-4845-B06B-CB75DE288653,,SK-AK-1,RHEEM,,,,,,,,,,,,,,
3DC22610-CB3D-449C-8354-2ED70FC5F043,,38TG900341,CARRIER,,,,,,,,,,,,,,
3EFF59E7-416A-46E7-936B-E96A8442A5EF,,LB-59343CH,LENNOX,,,,,,,,,,,,,,
3F7A8971-E1C3-498B-B799-EBC434F457FB,,S1-7341-8611,COLEMAN,,,,,,,,,,,,,,
3F91F4C4-8C0A-4BF9-A3FB-5BBDBFD5351D,,5304413630,WESTINGHOUSE,,,,,,,,,,,,,,
4042B6B0-0FD6-4538-8ACD-6C196E1E887F,,WJ41X10001,GE,,,,,,,,,,,,,,
404DBDEC-4F01-401B-8AA6-0D53EA3DBF9C,,38TG900261,CARRIER,,,,,,,,,,,,,,
41F3480F-9EE3-45D8-86B8-C57C2AD3E2C6,,B-21,,,,,,,,,,,,,,,
421489ED-B6B2-4DED-86E4-A36EDDB5F9B1,,S1-02432071000,YORK UPG,,,,,,,,,,,,,,
42EF490E-F7F2-463C-8A98-7B45452D080B,,S1-7336A8601,COLEMAN,,,,,,,,,,,,,,
42F81008-29C1-4069-8BF1-D4AB25289337,,B-20,WEATHERKING,,,,,,,,,,,,,,
4304ABE0-D958-452D-A38D-E25457245131,,S1-6842-8601,COLEMAN,,,,,,,,,,,,,,
43E8926F-E90B-4A6B-A13F-76044C74004D,,2SA06702406,COLEMAN,,,,,,,,,,,,,,
4572EAA0-758D-43B6-8452-24FCC4B30E2B,,61734000,FRIEDRICH,,,,,,,,,,,,,,
46F7263B-FA9D-4B01-B1FF-3B4CC51216D2,,WJ41X177,GE,,,,,,,,,,,,,,
4784EAB2-B222-437D-AAA5-F92270A3D1CC,,LB-59343CC,LENNOX,,,,,,,,,,,,,,
479CA9DA-76DB-449A-BDA2-D06E2802E52F,,389036-701,CARRIER,,,,,,,,,,,,,,
488B4A88-C997-4A11-BC9D-B6EC99E3B3F8,,KIT01705,TRANE,,,,,,,,,,,,,,
4935CF35-D4DD-4F0C-92F5-C637E4B2FF0B,,SK-C10,RHEEM,,,,,,,,,,,,,,
49C1FFD8-E613-4AB2-B067-2767DF84AD23,,AY71X189,TRANE,,,,,,,,,,,,,,
4A83C506-FAB0-4E86-A6D4-B6166F8F6FC7,,KSAHS1501AAA,PAYNE,,,,,,,,,,,,,,
4AC5A6E9-ACE1-45F0-8112-9DC05959CCD1,,8A04006,ARCOAIRE,,,,,,,,,,,,,,
4B3EACDB-08C3-4E95-B783-E6162AA354C7,,KSAHA0601AAA,CARRIER,,,,,,,,,,,,,,
4B4E0836-9713-4909-B169-1A68EFC35872,,2SA06702006,YORK UPG,,,,,,,,,,,,,,
4B68270A-D772-4BCA-B3F2-4784EEDA4CC1,,WW41X189,TRANE,,,,,,,,,,,,,,
4B857B45-6B7A-430E-BADD-7CFF2FB6B77C,,KAAHS1701AAA,CARRIER,,,,,,,,,,,,,,
4C55651C-742C-40CD-A953-DFB6B354F199,,KSAHS1301AAA,PAYNE,,,,,,,,,,,,,,
4C6FA67A-73E8-4317-B35E-53A73F32B27E,,50110011N001,CLIMATROL,,,,,,,,,,,,,,
4C72C90C-16F3-40F3-A413-6FDC7F6114DB,,S1-02431437000,YORK UPG,,,,,,,,,,,,,,
4CAEE456-A4CE-46B9-9661-D51B3F1D0A58,,SK-A1,RUUD,,,,,,,,,,,,,,
4D975C3A-5CB5-4156-9287-D410A88F4FA7,,RXAS-B14,RHEEM,,,,,,,,,,,,,,
4E68D2B6-8289-45D1-8885-5B00E7A65C58,,6748UL001B,HEIL,,,,,,,,,,,,,,
4ED7364C-B4F3-4078-939D-9CC13491F2FB,,484388,WHIRLPOOL,,,,,,,,,,,,,,
4EF960D5-0353-45A5-91A7-9D5FA0A8615D,,KSASH0601AAA,CARRIER,,,,,,,,,,,,,,
4F7AFDE5-E689-467E-ABCF-29CEEA72C0A9,,SK-A2-1,RHEEM,,,,,,,,,,,,,,
4FF07A4A-7A14-4E39-A362-EB1CBFB5FB97,,64261D01,CARRIER,,,,,,,,,,,,,,
4HLJCS2ANRLNUL7ZJO912V9EX1RHG8NBXLQ9,,910946,NORDYNE,,,,,,,,,,,,,,
4I2VRVP7PARZOBPTPN7J4BIJJPFX0T2D5VSG,,B1141658,NORDYNE,,,,,,,,,,,,,,
4JS6LWF6L6WTSE3KVNXUPZBJ40WFOZPPV7RW,,911124,NORDYNE,,,,,,,,,,,,,,
4ZPZPLLQQ4375NQM1MSHXPP93AOQKY7V1M1T,,RHSK-D2-1,NORDYNE,,,,,,,,,,,,,,
50188E26-3864-4F95-A80E-A0AAE2B47A50,,61883800,FRIEDRICH,,,,,,,,,,,,,,
51EECAA2-70A1-49FF-BF5C-710DE315AF3F,,B1141657,GOODMAN,HARD START KIT,,,,,,,,,,,,,
52234F01-CB7E-4A8F-996C-80247F8FDD28,,B1141658,GOODMAN,HARD START KIT,,,,,,,,,,,,,
5298A048-49EA-4498-A6BD-01D9A4819630,,1201910,ARCOAIRE,,,,,,,,,,,,,,
52C02352-D60A-4196-902F-7D8E1893EAAC,,316180-701,CARRIER,,,,,,,,,,,,,,
53EF86FF-2FC2-4C10-8840-8DF33E62504A,,SK-C1-1,RHEEM,,,,,,,,,,,,,,
5403D56E-AB9F-4E19-A9D2-36321DAE673F,,KSAHS2201AAA,CARRIER,,,,,,,,,,,,,,
540B046A-FA8D-4478-A6C8-E5D3B72C4EC3,,SK-D1-1,RHEEM,,,,,,,,,,,,,,
54F7ED8E-FA14-4CD2-8DA1-7020C070079A,,KSAHS2401AAA,PAYNE,,,,,,,,,,,,,,
5535CE39-9E99-4B57-839E-30E6E9F91961,,KSAHS1601AAA,CARRIER,,,,,,,,,,,,,,
5542335E-53AC-4DAD-8975-A2D997C7ADBF,,9102731,NORDYNE,,,,,,,,,,,,,,
57F5F1DD-3E13-4B0F-8911-0E616F6D64D7,,50110011N001,AIRTEMP,,,,,,,,,,,,,,
5911851A-2708-47C3-BCDC-53CE432CE593,,S1-02432069000,YORK UPG,,,,,,,,,,,,,,
59C8AFE7-DE17-468B-BE83-6448CD87402D,,KSAHS2301AAA,PAYNE,,,,,,,,,,,,,,
59F8B828-D093-40EF-8DB9-EAB41B831A83,,60755D07,CARRIER,,,,,,,,,,,,,,
5A14E551-8D34-4B37-8272-95913E4CEF64,,KSASH0501AAA,CARRIER,,,,,,,,,,,,,,
5CA6421F-B21A-40DB-BA7A-D57AD0C1D13A,,LB-31200BL,LENNOX,,,,,,,,,,,,,,
5D293A7A-9AFA-4939-A9B1-04E2A99F739C,,S1-6848-8601,COLEMAN,,,,,,,,,,,,,,
5DC9D74A-1BDB-49AE-8D96-93BB52B59F0A,,2SA06706206,COLEMAN,,,,,,,,,,,,,,
5E58C355-7262-489B-8E55-303F8FB9FF6F,,KIT01708,TRANE,,,,,,,,,,,,,,
5EB749E7-BC93-45E6-B3FE-93270A12D200,,S1-46342436000,YORK UPG,,,,,,,,,,,,,,
5F6C15D4-FE7C-46F7-B8CC-8310CD202C2E,,484274,WHIRLPOOL,,,,,,,,,,,,,,
5FA07701-3C77-4462-BB5B-FBB742BEF617,,1900312,FRIEDRICH,,,,,,,,,,,,,,
5UATVNUS7MEP8VCGX4V9H3BW29MOVFBDBG4S,,910966,NORDYNE,,,,,,,,,,,,,,
60CEE432-E4DD-4C92-92DB-C09571BEED80,,SK-A1-1,RHEEM,,,,,,,,,,,,,,
6121E372-DB80-4E10-887A-F0DADC0FD6E8,,KIT01440,TRANE,,,,,,,,,,,,,,
6125CFD9-244B-4401-8DFD-519AF931EBF9,,5303201723,GIBSON,,,,,,,,,,,,,,
618C1244-7B11-485E-A24A-2A381BACB704,,SK109,BARD,,,,,,,,,,,,,,
61B780A1-B3D1-419A-8801-697CB012B8ED,,316181-701,CARRIER,,,,,,,,,,,,,,
6273E796-9A36-4E39-BC69-B7453862B9B0,,KSAHS1101AAA,CARRIER,,,,,,,,,,,,,,
6368E410-25C6-4401-8F72-0C42A8C36FBE,,KSAHS1901AAA,BRYANT,,,,,,,,,,,,,,
6390DFC8-827E-495F-8C50-47B1920B8495,,KSAHS0301AAA,CARRIER,,,,,,,,,,,,,,
63B16E72-27AE-4522-8C15-26635330DB18,,CPHSTART001A00,CARRIER,,,,,,,,,,,,,,
64E7F158-8957-40A8-8CCC-56170FB0A643,,3201723,KELVINATOR,,,,,,,,,,,,,,
653B16AA-9A5B-4425-A741-B63A32981DB9,,LB-29901CA,LENNOX,,,,,,,,,,,,,,
658E0C14-3A40-486B-86CD-60B30C57B5BB,,2SA06706206,YORK UPG,,,,,,,,,,,,,,
6594B30F-2C1E-4D2E-9924-98602C72924B,,485884,WHIRLPOOL,,,,,,,,,,,,,,
666C416C-4147-4E61-8668-7DD1D632F6C6,,5304413630,FRIGIDAIRE,,,,,,,,,,,,,,
667A5610-AE63-4F14-BF38-224D930BF400,,KAAHS0201AAA,CARRIER,,,,,,,,,,,,,,
66AC9E62-0111-4086-BD36-8616D0C1A7CE,,2SA06705506,YORK UPG,,,,,,,,,,,,,,
6714BA54-5DBF-4F74-B23E-CFE429183C4D,,SK-D3-2,RHEEM,,,,,,,,,,,,,,
672D1EE9-F3F0-4F4F-9619-AB781DF790E7,,LB-31200BAE,LENNOX,,,,,,,,,,,,,,
6757CC19-1103-4B15-A343-E6108E33A0E9,,S1-1497-9991,COLEMAN,,,,,,,,,,,,,,
67B38BF4-B35D-441A-9E93-D62681BF4FFD,,S1-02431435000,YORK UPG,,,,,,,,,,,,,,
6829B523-C022-41C4-A3D9-FE1EDF117D45,,G501725,KELVINATOR,,,,,,,,,,,,,,
6884D4DF-BA9E-405C-A026-C2F62A6E3F8D,,S1-9325-8611,COLEMAN,,,,,,,,,,,,,,
68A95F7B-8FC6-4C15-8B20-E3D0952FC4CE,,3093200S,AMANA,HARD START KIT,,,,,,,,,,,,,
69B046BE-2758-4EA7-A3E0-9E1730416882,,2SA06703706,YORK UPG,,,,,,,,,,,,,,
6A58B731-B230-4EB4-9A42-E47D62166085,,3201723,WESTINGHOUSE,,,,,,,,,,,,,,
6B7E1927-2B3D-4A43-BED2-93ED7B4A9C91,,KSASH0601AAA,BRYANT,,,,,,,,,,,,,,
6C16D80D-925F-4D37-9695-C0B45AC89514,,5303317601,WESTINGHOUSE,,,,,,,,,,,,,,
6C60E157-1C72-4219-9A49-E17B7F3ECDC8,,R0156631,AMANA,HARD START KIT,,,,,,,,,,,,,
6CCD1952-F57F-4217-95CD-A15BA965A4F9,,RHSK-B1-1,NORDYNE,,,,,,,,,,,,,,
6D6808A7-DDB9-4B9E-8555-A19E8A58F644,,S1-02418414000,YORK UPG,,,,,,,,,,,,,,
6D82D1B1-FEE7-4B25-A007-6205F35BED7F,,64261D10,CARRIER,,,,,,,,,,,,,,
6DD7A3DF-DB8B-4733-9D3E-E1E53475B93C,,208-220-3,YORK UPG,,,,,,,,,,,,,,
6E2A2E5E-A805-4798-9C12-54B54C824E51,,KSAHS1701AAA,CARRIER,,,,,,,,,,,,,,
6E56581C-89A5-42D4-8326-FA6430992C3F,,SK-C2-1,RHEEM,,,,,,,,,,,,,,
6E67F127-7758-4B53-B395-1312A9B14D2C,,M0383001,AMANA,HARD START KIT,,,,,,,,,,,,,
6E9ACE20-DF6E-44F7-80E3-4EF4740EC30C,,5303317601,SEARS,,,,,,,,,,,,,,
6F53541E-7054-43C6-9DA9-A5845AD07A77,,32011723,CARRIER,,,,,,,,,,,,,,
6F8158BC-CBFE-4CCF-A419-773E420F00CA,,LB-31200BX,LENNOX,,,,,,,,,,,,,,
6FFB3F35-F655-4D44-83DC-EE671FFC77E7,,484220,WHIRLPOOL,,,,,,,,,,,,,,
6US54XVYUXQ62TNM7SM4OLXJO76EVUC57HXE,,911412,NORDYNE,,,,,,,,,,,,,,
70A465AD-0800-4232-9F84-C5C7F4E4F0D8,,38TG900311,CARRIER,,,,,,,,,,,,,,
70E7060B-0DD8-4234-A489-25DA609658BE,,LB-31200BAD,LENNOX,,,,,,,,,,,,,,
710AE48C-A0F0-457E-A43F-9C8B9BE78B9F,,SK-E4,RHEEM,,,,,,,,,,,,,,
71F575C2-9876-43D3-80B5-7ABDB09F1510,,KSAHS1401AAA,CARRIER,,,,,,,,,,,,,,
72204589-336E-45B2-987B-115E953463FF,,313912-752,CARRIER,,,,,,,,,,,,,,
729AEE4E-82BD-4364-A2A6-93474042A40A,,8409-10,WEATHERKING,,,,,,,,,,,,,,
72FADD9C-D8C8-4DBC-880B-C64AF377094E,,38TG900351,CARRIER,,,,,,,,,,,,,,
733DB939-1312-4494-BB68-E0116DCD6BF5,,06MX660004,CARRIER,,,,,,,,,,,,,,
73FF5868-9F06-4567-A7C9-9C8B13AC39E0,,350404,WHIRLPOOL,,,,,,,,,,,,,,
752F835B-4553-4F13-A5B0-96F886CD6FC3,,KSAHS1101AAA,BRYANT,,,,,,,,,,,,,,
75E55754-97F9-448E-80A2-6CF6C7756A0B,,WA250904,GIBSON,,,,,,,,,,,,,,
7640D29E-4C65-4558-B712-CF198373D0A3,,CSR-U-1,DAIKIN,,,,,,,,,,,,,,
769B0740-72FD-4554-AC47-5BA004A3878B,,64261D07,CARRIER,,,,,,,,,,,,,,
76C15EB7-DBAD-4567-8F1E-BA167065AA18,,R0156630,AMANA,HARD START KIT,,,,,,,,,,,,,
76DE648F-3313-4792-8523-47490C1D78EB,,3093201,AMANA,HARD START KIT,,,,,,,,,,,,,
77548941-2009-4132-BC9D-845CD4999730,,307709-701,CARRIER,,,,,,,,,,,,,,
7783630E-AD84-44B6-A42E-D7AD2C47A666,,50110011N001,DANBY,,,,,,,,,,,,,,
7810E57A-C4BF-4716-963B-E20D5A6C3465,,2SA06705608,YORK UPG,,,,,,,,,,,,,,
795C1292-3FC9-4D38-9DC7-CDC2FD99F8E3,,LB-31200BAA,LENNOX,,,,,,,,,,,,,,
7A64622A-BA16-4AC1-AAD2-539D4F4DDDDE,,8A04013,ARCOAIRE,,,,,,,,,,,,,,
7A8E4CEC-51FA-41A0-980D-DC8DF8616D07,,42-21470-01,RHEEM,,,,,,,,,,,,,,
7B9D5095-24BF-4CD2-9AAD-847E36CDFD7D,,50110011N001,QUIET KOOL,,,,,,,,,,,,,,
7C7F8EFD-65A7-4ECB-8C13-E0FCE21BBF8F,,2SA06702306,YORK UPG,,,,,,,,,,,,,,
7C8E98B6-DEE8-4046-AE85-356F6FA17C1D,,CSR0U,GOODMAN,HARD START KIT,,,,,,,,,,,,,
7DE32E14-0917-4090-B118-DDA14C5D6EF3,,S1-02432070000,YORK UPG,,,,,,,,,,,,,,
7F1FD666-1FF9-4EE4-B6EB-2D6E25B94B2C,,CPHSTART002A00,CARRIER,,,,,,,,,,,,,,
7FF15A72-5379-4490-9C49-E4DCDDA56891,,LB-21300BW,LENNOX,,,,,,,,,,,,,,
7KV5HUA3N0YI6TWN04VAGJSNBRYHTJ6PT0SY,,8950087,KELVINATOR,,,,,,,,,,,,,,
8045BE01-ADFD-4BE2-9959-83EF9E21C9DB,,8A04082,COMFORT,,,,,,,,,,,,,,
811B626A-D0C8-4CB2-8A21-A5A2B6E679BE,,E11391,QUIET KOOL,,,,,,,,,,,,,,
811E2D89-70E9-492F-8770-42D2B901306E,,R0156634,GOODMAN,HARD START KIT,,,,,,,,,,,,,
82C8F159-A745-44EF-8184-D1ABAC3B7335,,81700-71,ARCOAIRE,,,,,,,,,,,,,,
8311D0A6-5FEE-48D1-8B3A-65F8C75DACD0,,485608,WHIRLPOOL,,,,,,,,,,,,,,
83FAED5F-529C-4434-9D26-E1F3BCBF02B0,,389036-703,CARRIER,,,,,,,,,,,,,,
84E6C521-CA9A-4B9E-870D-FF717BCA6535,,S1-3697-0911,COLEMAN,,,,,,,,,,,,,,
872213CA-9141-4D19-A8EA-B3B8C55E73F1,,KSAHS1901AAA,CARRIER,,,,,,,,,,,,,,
8842AAAA-FE0F-4ABC-930E-A24C6A6C52E8,,KSAHS2101AAA,CARRIER,,,,,,,,,,,,,,
89DAA498-BA8A-4E63-951B-1317DDC623D3,,KSAHS0601AAA,DAY & NIGHT,,,,,,,,,,,,,,
8AD89017-BFBA-4D86-B7E0-C3E64BB38C8D,,8A04009,ARCOAIRE,,,,,,,,,,,,,,
8AE9E241-06EA-4AAA-A5B1-E6C0B557E8E5,,WJ43X180,GE,,,,,,,,,,,,,,
8B1CCBAE-26CC-442D-B4C7-03869376A95F,,220-2,YORK UPG,,,,,,,,,,,,,,
8B6EB7F1-4067-452D-A132-A39C0C7C315F,,KSASH0301AAA,BRYANT,,,,,,,,,,,,,,
8B891439-1FD1-4AD5-BA19-D15DD479667E,,LB-59343CE,LENNOX,,,,,,,,,,,,,,
8B9CC1E4-37EE-4D16-83D2-DE092FFA8735,,81700-700,ARCOAIRE,,,,,,,,,,,,,,
8BD195F0-8EB6-487C-A2C4-C2189683B717,,SK-B2-2,WEATHERKING,,,,,,,,,,,,,,
8C7493A9-F2DB-43A2-8BB8-58FE3F52F19C,,313965-756,CARRIER,,,,,,,,,,,,,,
8CA87A69-8E45-42A5-A730-C1E1C30F7BB9,,S1-02425084000,YORK UPG,,,,,,,,,,,,,,
901D1741-8880-40AE-9B00-83B75BAC9E90,,KSAH0901AAA,CARRIER,,,,,,,,,,,,,,
917998F8-97AB-4168-8CA1-CCF5ED8A60C6,,KSAHS0601AAA,PAYNE,,,,,,,,,,,,,,
9203A56E-8474-4571-A034-02B7DB7B3D2F,,LB-31200BK,LENNOX,,,,,,,,,,,,,,
92BF7726-10A7-47A9-95C0-6A39C48CF1C1,,24354403,COMFORT,,,,,,,,,,,,,,
933E315C-A45A-469B-9031-7D35AD07CEF1,,KSAHS0801AAA,DAY & NIGHT,,,,,,,,,,,,,,
93493950-CB96-4747-B6F8-1DEFB3C79804,,KSAHS0301AAA,BRYANT,,,,,,,,,,,,,,
937FC68E-506F-494C-BFC9-6452E6351396,,S1-3697-1891,COLEMAN,,,,,,,,,,,,,,
938A76A8-0066-4959-97ED-3921A7BF1CE4,,307489-701,CARRIER,,,,,,,,,,,,,,
93A35613-77AB-4E4C-8F00-213BD14E601E,,KSAH0301AAA,CARRIER,,,,,,,,,,,,,,
93DCACFB-414B-47F1-92A6-15E3F534F2C2,,LB-31200BM,LENNOX,,,,,,,,,,,,,,
94FEF1C2-8F7B-4FA0-BFF8-26A3CEF7317A,,9106900,NORDYNE,,,,,,,,,,,,,,
9526CCE0-BB41-4EF8-B8E4-C676E01C4F9B,,3201723,GIBSON,,,,,,,,,,,,,,
95723159-B683-4C0A-BE5A-9B1F5DF36622,,64261D010,CARRIER,,,,,,,,,,,,,,
957E2DF5-08AF-4FE1-B610-44A35195BE6F,,68537700,CARRIER,,,,,,,,,,,,,,
95C082F8-786D-4EB4-81FB-0E0FE5CF9586,,SK-B2-1,RHEEM,,,,,,,,,,,,,,
95ED1BF8-78B2-40EE-94AE-9B3CBC0694B8,,LB-31200BAB,LENNOX,,,,,,,,,,,,,,
96A09A3A-38D6-43CC-BE30-81DC0848173C,,2SA06706006,YORK UPG,,,,,,,,,,,,,,
96E43353-2957-4AD0-B0CA-159E5D95EA9C,,WJ41X184,GE,,,,,,,,,,,,,,
97BE2DC8-1252-48DF-A222-E8820EE0162E,,P421-4015,CARRIER,,,,,,,,,,,,,,
97DF1C45-ACC4-40C8-A8AF-0A518FC79022,,5303201723,WESTINGHOUSE,,,,,,,,,,,,,,
97F571D6-7CE4-4E73-89FA-07BA17CA8D49,,2SA06705206,YORK UPG,,,,,,,,,,,,,,
97F58A59-07A5-419A-8877-06D0EA021567,,8950087,GIBSON,,,,,,,,,,,,,,
97HD5LKNIWNETJ6PBCZN0AITSE98A326LT5T,,5303201723,FRIGIDAIRE,,,,,,,,,,,,,,
9840FA3F-8A9E-4C4A-BF8E-60B576FD79B8,,LB-59343CD,LENNOX,,,,,,,,,,,,,,
98EE376D-5648-49FC-8656-DBC3299829A5,,484379,WHIRLPOOL,,,,,,,,,,,,,,
992F0732-B87E-4EA7-A04C-BCD7FDDD4419,,06MC660004005,CARRIER,,,,,,,,,,,,,,
9A305AC4-416D-4081-8262-7906FF326673,,KSAHS2201AAA,BRYANT,,,,,,,,,,,,,,
9B38BAA5-9927-4773-AA2A-030501552A03,,KSAHS1701AAA,PAYNE,,,,,,,,,,,,,,
9B98D5B9-9EBC-4B3A-962A-7CC10689CC9A,,S1-7336-8601,COLEMAN,,,,,,,,,,,,,,
9BB5BDB5-31C5-483D-AA40-EE089504B0D4,,5011-11N1,COMFORT,,,,,,,,,,,,,,
9CCCE7E4-D478-4996-A2F6-5F4547403A1E,,2SA06705906,YORK UPG,,,,,,,,,,,,,,
9DBAA098-F566-40E5-9789-2E03D7E75CBA,,2SA06705606,YORK UPG,,,,,,,,,,,,,,
9E5AD019-3457-4CA8-9F65-C31B4E31627B,,SK-A4-1,RHEEM,,,,,,,,,,,,,,
9F088ED3-93EA-4156-B5A6-C8CF36193B71,,BAY41X189,TRANE,,,,,,,,,,,,,,
9F52C3F6-5931-41BC-B170-BAE67F8AE352,,KAAHS0401AAA,CARRIER,,,,,,,,,,,,,,
9FB38BD1-0865-45C5-8A1A-8A3FA36C3686,,AR1570-55,CARRIER,,,,,,,,,,,,,,
A10E33E0-5A79-4481-B9F9-91C892D2C9E8,,313912-756,CARRIER,,,,,,,,,,,,,,
A18D676E-92A2-492F-9146-B108E8780872,,KSAHS1501AAA,DAY & NIGHT,,,,,,,,,,,,,,
A246E1BA-ABD0-4E78-9693-A6A43DCF0EBC,,313965-762,CARRIER,,,,,,,,,,,,,,
A2917652-1CB4-4AF5-B03F-FC22CC3A81E2,,KSAHS2401AAA,CARRIER,,,,,,,,,,,,,,
A2B7888A-6AB0-4E07-B966-F4365A177BAB,,313912-757,CARRIER,,,,,,,,,,,,,,
A2E9980C-5A9D-4648-9853-67AE49A024CC,,KSAHS2601AAA,PAYNE,,,,,,,,,,,,,,
A3727602-7108-43C1-BCE2-F1C071391901,,38GT900321,CARRIER,,,,,,,,,,,,,,
A3B337DF-2DD5-4B7F-B37A-55BAF5998568,,60755D06,CARRIER,,,,,,,,,,,,,,
A3C397B5-4B02-4857-A553-80CA85E6C285,,G501725,GIBSON,,,,,,,,,,,,,,
A4586D49-418D-48A1-A2F0-60341BAEAE49,,RXAS-B14,WEATHERKING,,,,,,,,,,,,,,
A47D4818-29CB-4B70-9FDC-BCCAD2235198,,8A04007,ARCOAIRE,,,,,,,,,,,,,,
A4E8CD61-7C34-4C39-A8C2-A0F60022BADC,,P421-4007,CARRIER,,,,,,,,,,,,,,
A5BA18B6-3E49-4251-A0C8-8695D4D15FF7,,AY41X105,TRANE,,,,,,,,,,,,,,
A5CD456F-2FA8-4F2E-A5F2-1B33B9F61BC8,,KSAHS1001AAA,BRYANT,,,,,,,,,,,,,,
A5EBBE05-1583-4D32-AA9A-845B04FE7852,,50110011N001,CREST,,,,,,,,,,,,,,
A7D2EA6D-B90A-4061-915B-ACAD2835EC92,,SK-D2-2,WEATHERKING,,,,,,,,,,,,,,
A7F9BDDB-9A8D-49E6-83A0-6DF16958E9C3,,2SA06705406,YORK UPG,,,,,,,,,,,,,,
A80B704A-6357-4809-868B-D4EE771E740B,,699-001,FLORIDA HEAT PUMP,,,,,,,,,,,,,,
A854D80E-1AD8-4C76-9026-8EB179AE7420,,484389,WHIRLPOOL,,,,,,,,,,,,,,
A88B798A-4C79-4CCF-AA68-7C721A030F91,,SK-B10,RHEEM,,,,,,,,,,,,,,
A8E6D693-CC0E-4EE0-B95B-35641470DAF4,,AY41X106,TRANE,,,,,,,,,,,,,,
A8EFF424-CEFB-4F0F-9980-90800D1FD164,,SK-D3-1,WEATHERKING,,,,,,,,,,,,,,
A928165A-93DA-4FC2-81DB-AAE1F57BF650,,700783,HEIL,,,,,,,,,,,,,,
AA2405CA-1F85-4761-98D2-C2258874325A,,SK-C2-1,WEATHERKING,,,,,,,,,,,,,,
AA9B9C77-4655-4DE1-9D5A-D7E9E7D15E3C,,38EA900021,CARRIER,,,,,,,,,,,,,,
AAB8D888-890F-4FBB-86CD-A877D93AB23B,,CPHSTART001A00,BRYANT,,,,,,,,,,,,,,
AB13F533-5E7D-4D6E-9BDA-8230A2D3FA4E,,KSAHS1301AAA,CARRIER,,,,,,,,,,,,,,
AB29CFBC-B94F-4D87-A7C4-19C854F8E07B,,316179-701,CARRIER,,,,,,,,,,,,,,
AC221CD2-58AC-4387-BF0B-2DDD11950EFA,,KSAHS2601AAA,CARRIER,,,,,,,,,,,,,,
AC7A709E-9B64-475C-960B-8EA4E53D20D8,,485886,WHIRLPOOL,,,,,,,,,,,,,,
ADA7709C-96EE-4F10-866D-0A3DA83A2752,,KSAHS2001AAA,CARRIER,,,,,,,,,,,,,,
ADD8C1B0-F08E-4F56-BD8A-9A7746FAE4B6,,B1141656,GOODMAN,HARD START KIT,,,,,,,,,,,,,
AEDC7C1A-8C57-4D8C-8A71-AC77D4981223,,50110011N001,SUMMIT,,,,,,,,,,,,,,
AF1898FA-D157-4D57-A805-EFF74FA66D0C,,2SA06701606,YORK UPG,,,,,,,,,,,,,,
AF2F172D-7970-4C04-9632-8BD010AAFA9E,,LB-31200BS,LENNOX,,,,,,,,,,,,,,
AF5AD307-1F8F-4F42-99C1-C9468FD5144C,,KSAHS1601AAA,BRYANT,,,,,,,,,,,,,,
AF645DBF-DE82-4258-9B0E-238B06E22292,,5303201723,HARVARD,,,,,,,,,,,,,,
AFADCBC7-7055-4E51-8B1F-D1DA7608CDE4,,KSAHS0701AAA,CARRIER,,,,,,,,,,,,,,
AFFBAF8A-A23A-4172-B0EE-6454AA69E811,,11154403,XENON,,,,,,,,,,,,,,
B0243102-DC0E-4309-9942-ACAB8A3D93F2,,56A57,LENNOX,,,,,,,,,,,,,,
B03548E1-6011-42EE-B651-B052913B6989,,KIT02041,CUMBERLAND,,,,,,,,,,,,,,
B07BEE5A-16AB-4153-98FD-3A27D98C3D48,,3201723,FRIGIDAIRE,,,,,,,,,,,,,,
B0BECDC0-D466-4F6B-9CDA-DE373004FC0B,,KSAHS0701AAA,BRYANT,,,,,,,,,,,,,,
B16C9A02-8F52-4BD9-880F-B6FDEC950C15,,313965-763,CARRIER,,,,,,,,,,,,,,
B1DFC0AB-DBA5-41FC-92D4-7033DCA3B881,,685377-02,CARRIER,,,,,,,,,,,,,,
B23BBDC9-969E-4CF0-8D80-FA24C8B210BF,,2SA06701006,YORK UPG,,,,,,,,,,,,,,
B264B6DE-CF69-4DB6-AD9E-A5694F177222,,S1-02425084000,XENON,,,,,,,,,,,,,,
B2E058E0-FB92-40ED-A6A6-6A159A9DAE8F,,KSAHS1501AAA,CARRIER,,,,,,,,,,,,,,
B365BA77-DB77-4287-B906-DD3497E57B16,,KSAHS1801AAA,CARRIER,,,,,,,,,,,,,,
B37643B4-34EA-45FC-BCE7-93CA598A2131,,R1570-56,AMANA,HARD START KIT,,,,,,,,,,,,,
B492B97E-BFEA-4F77-8215-763AF23DEBB6,,B1141671,GOODMAN,HARD START KIT,,,,,,,,,,,,,
B545FBD2-15FC-44D0-9A48-6304AA9D0BC7,,1148624,HEIL,,,,,,,,,,,,,,
B6151997-85D8-49CF-9B40-D76D346936E8,,LB-59343CG,LENNOX,,,,,,,,,,,,,,
B6DFAF31-C758-45AE-AF9F-6422C13FC353,,WW41X46,TRANE,,,,,,,,,,,,,,
B73E03FD-9FC8-4DC7-A465-1893A810861B,,10J42,LENNOX,,,,,,,,,,,,,,
B79C58DA-088C-44C7-B499-DBE88BF306B2,,KSAHS2501AAA,BRYANT,,,,,,,,,,,,,,
B8B0E71C-4065-403C-ACEC-32EF5210930E,,KSAHS1601AAA,PAYNE,,,,,,,,,,,,,,
B8BBAE75-30AC-4755-9650-2450868425FE,,61008903,FRIEDRICH,,,,,,,,,,,,,,
B8ED38D5-3C37-435D-8F67-60424EB34494,,2SA06714206,YORK UPG,,,,,,,,,,,,,,
B909FEFE-E10A-4B25-B117-4BD2B6757970,,KSAHS1201AAA,PAYNE,,,,,,,,,,,,,,
BAA8MFTVD3VBWMLT5QHJNAEJ5K86TZUFIIDU,,911069,NORDYNE,,,,,,,,,,,,,,
BBDABA1B-F77C-4141-B0CC-84FC76A3DEDA,,699-003,FLORIDA HEAT PUMP,,,,,,,,,,,,,,
BC0DC5BF-ABAF-40F3-8FE0-80EC1D6A89DA,,89M91,LENNOX,,,,,,,,,,,,,,
BC3A768B-BD07-4528-BA5B-6780048DE0BD,,313965-754,CARRIER,,,,,,,,,,,,,,
BDD839EF-D22C-4D35-BFE4-F73BB5886B6F,,B1141670,GOODMAN,HARD START KIT,,,,,,,,,,,,,
BE87E25D-CBEE-446C-8DA4-537F4200AA69,,R0157055,AMANA,HARD START KIT,,,,,,,,,,,,,
BE9F63BD-0ADA-440C-A5E5-3C49D4D4EF99,,8A04010,ARCOAIRE,,,,,,,,,,,,,,
BEAA8E7E-B74A-47F5-B779-9F87397DCC6C,,50110011N001,WARD,,,,,,,,,,,,,,
BEE25C3F-540A-494D-A0A9-02D450B75BD2,,2SA06705706,YORK UPG,,,,,,,,,,,,,,
BEF7C06D-F23A-43A9-A34E-754CE4380205,,2SA06702306,COLEMAN,,,,,,,,,,,,,,
BFB71010-8E31-46EF-9606-21A2ACD234A3,,M0383002,AMANA,HARD START KIT,,,,,,,,,,,,,
BFE159DF-6F22-4EF8-B2AB-B79ADB582A4E,,LB-31200BM,ALLIED,,,,,,,,,,,,,,
BUPQYW89MIJ9C2R2GLVBGFZR6F1UQ3XGJGD1,,RHSK-C2-1,NORDYNE,,,,,,,,,,,,,,
BVI6ZDI4KOQDZKYO5LJVZE6W8XFU2PN5AJPK,,M0074002R,NORDYNE,,,,,,,,,,,,,,
C01012BD-1667-4719-852F-12EFB02E257F,,3017964,FRIGIDAIRE,,,,,,,,,,,,,,
C0660DCB-3414-4EAA-91FE-711C57DD6AE4,,484364,WHIRLPOOL,,,,,,,,,,,,,,
C07274F0-D073-4091-AE1E-D58F3FF6D99F,,2SA06702406,YORK UPG,,,,,,,,,,,,,,
C1A9D78C-BBA8-4879-BE53-98D67A55FFE8,,WJ41X188,GE,,,,,,,,,,,,,,
C21D3D54-ABD5-43E4-A1B6-7B484F05136D,,8A04005,ARCOAIRE,,,,,,,,,,,,,,
C2A02BD1-3613-4826-A1A4-E8D9F63355C7,,CMC15,BARD,,,,,,,,,,,,,,
C3F08DFF-E3E7-4297-8D48-33972ACC2EFA,,SK-E4-1,RHEEM,,,,,,,,,,,,,,
C50C8858-5899-40BA-8AF8-1EEA11F92B16,,39597B002,ARMSTRONG,,,,,,,,,,,,,,
C5886CB9-7E7A-4993-8963-DE28B83B7F5B,,KSAHS2501AAA,PAYNE,,,,,,,,,,,,,,
C5C51F65-BFFF-4C9D-87A8-86D392C4A15F,,38TG900321,CARRIER,,,,,,,,,,,,,,
C74D571F-B035-4052-9499-55E36EEC0005,,61840900,FRIEDRICH,,,,,,,,,,,,,,
C753A83A-38FA-4C7A-B2B8-455AEE602FFF,,S1-02420867002,YORK UPG,,,,,,,,,,,,,,
C854049E-2DEA-44AF-9EB9-E1DE4F255891,,5303201723,SEARS,,,,,,,,,,,,,,
C865AC96-EC85-4E8F-BBE9-D49D780C582E,,KSAHS0601AAA,BRYANT,,,,,,,,,,,,,,
C8D176F2-BDD6-4173-9041-5EF168D4FD93,,KSAHS0601AAA,CARRIER,,,,,,,,,,,,,,
C9DF42E3-4844-4089-8D6E-461D50938810,,50MH900091,CARRIER,,,,,,,,,,,,,,
CA5BEC29-062C-44E8-BDBD-196B771E2C16,,2SA06704106,YORK UPG,,,,,,,,,,,,,,
CAD4071A-C503-4F62-B756-A10AFBB060E9,,S1-3697-1481,COLEMAN,,,,,,,,,,,,,,
CB2C663E-83C6-4A62-AA83-0A6C0FA63C29,,2SA06714206,COLEMAN,,,,,,,,,,,,,,
CB634F36-FD6E-476B-AAB3-23D8A581A8FA,,307488-701,CARRIER,,,,,,,,,,,,,,
CB8D6F70-EA65-4E37-A580-2E6E2068275B,,313912-761,CARRIER,,,,,,,,,,,,,,
CBE386B4-0C60-4021-BA22-1B42BC76D33F,,KSAHS1301AAA,BRYANT,,,,,,,,,,,,,,
CBFC40DF-B734-4B50-B5F3-F9CE23DCCB42,,KSAHS0201AAA,CARRIER,,,,,,,,,,,,,,
CCA06388-FF4D-4750-A57A-3346FED2CE87,,SK-D3-1,RHEEM,,,,,,,,,,,,,,
CD03F913-A4BC-4DBB-8EEF-71C2EA73780C,,160603480001,FEDDERS,,,,,,,,,,,,,,
CDC4E61A-370D-4829-AFE6-439F8D818446,,KSAHS0301AAA,DAY & NIGHT,,,,,,,,,,,,,,
CDD6E549-AD48-42CD-8241-A454F44E3F68,,8551-007,BARD,,,,,,,,,,,,,,
CE2143CE-2987-47A4-827B-51D27B7D3271,,LSAHS0601AAA,CARRIER,,,,,,,,,,,,,,
CE5A3742-D4AC-41D5-98B0-060A5CC523CF,,61003803,FRIEDRICH,,,,,,,,,,,,,,
D0FA1C0F-BA2C-44FF-B5DA-14E7BF56CEAF,,3093200,AMANA,HARD START KIT,,,,,,,,,,,,,
D1049C56-CAD1-4304-AD39-F0805A5E3352,,KIT01702,TRANE,,,,,,,,,,,,,,
D12369D5-9382-4929-825D-A854FC2E1FD6,,313965-760,CARRIER,,,,,,,,,,,,,,
D1878952-185C-4B27-960E-89DDA4AB5209,,38YG900191,CARRIER,,,,,,,,,,,,,,
D248B285-B813-4962-9407-5EFA429A1D73,,484381,WHIRLPOOL,,,,,,,,,,,,,,
D2EDCD6C-5DBD-4243-B718-F5FDB6F856EF,,50110011N001,CROSLEY,,,,,,,,,,,,,,
D336CD26-5CB9-4740-AFC8-3E4DE2E73BED,,KSAHS2301AAA,CARRIER,,,,,,,,,,,,,,
D3576621-46DC-4503-9DED-361EC36964F1,,AY41X46,TRANE,,,,,,,,,,,,,,
D3FB8846-904D-4346-8053-782C7D9A6064,,KSAHS1001AAA,CARRIER,,,,,,,,,,,,,,
D4106BEC-5528-4A6F-A6FC-3C43686FFDD4,,KSAHS1001AAA,PAYNE,,,,,,,,,,,,,,
D55D0BC6-8E87-4516-BC98-0E5B9338776F,,SK-A3,RHEEM,,,,,,,,,,,,,,
D5869C29-C092-4606-8DED-2793F41EF31A,,S1-6830-8601,COLEMAN,,,,,,,,,,,,,,
D5AF7394-71FE-44E2-9C14-D627DF77ADA8,,KSAHS1501AAA,BRYANT,,,,,,,,,,,,,,
D5F16132-495A-4050-A470-D3F3E12DE67C,,KSASH0701AAA,CARRIER,,,,,,,,,,,,,,
D8CB746B-9CCE-484B-8DB9-50F71D3D4467,,R01570056,AMANA,HARD START KIT,,,,,,,,,,,,,
D922D854-8FD1-4B75-819E-C98DD0CFCCBB,,5011-11N1,MARTA AMERICAN,,,,,,,,,,,,,,
D9416656-AA9F-4E85-A233-704100B603C5,,S1-7341-8601,COLEMAN,,,,,,,,,,,,,,
D9634746-9067-471C-8B1C-1862EF71A6F7,,SK-A6-1,WEATHERKING,,,,,,,,,,,,,,
D992D247-39D0-439C-9CCB-39678A09B2F2,,3017964,WESTINGHOUSE,,,,,,,,,,,,,,
D9CC829F-C16B-44B5-83D0-97E127FF8C65,,LB-31200BW,LENNOX,,,,,,,,,,,,,,
DA06765F-154C-4490-976C-F23E025AFAFB,,9104420,NORDYNE,,,,,,,,,,,,,,
DA859452-57DA-4DF5-9D7E-C248751559CB,,8A04012,ARCOAIRE,,,,,,,,,,,,,,
DABD555A-68B6-4EA0-AA90-A7775FE22028,,A250904,GIBSON,,,,,,,,,,,,,,
DAC302B6-0B6E-4E1D-A906-51CB8E5148EE,,KSAHS0501AAA,CARRIER,,,,,,,,,,,,,,
DB22F46B-8ADB-448D-ACA6-7D1DEB514295,,1201912,HEIL,,,,,,,,,,,,,,
DBBDAFA3-2AFE-49C7-A82E-7977BE39B85A,,LB-59343CF,LENNOX,,,,,,,,,,,,,,
DD23BD4D-3290-493B-8829-2EA57A6D1A26,,501725,SEARS,,,,,,,,,,,,,,
DD2B9B25-1E2D-490B-9CF5-5DFFA93D359B,,10J42,ALLIED,,,,,,,,,,,,,,
DFEE8945-D0E8-4629-AD72-B8D006D1D2EC,,B945901,GOODMAN,HARD START KIT,,,,,,,,,,,,,
DVW3O109ICE4KSYPEWBBMY877GPZOH791NSR,,9102961,NORDYNE,,,,,,,,,,,,,,
E0E8422B-7B5A-4100-9959-2DA6648BB8CC,,313965-758,CARRIER,,,,,,,,,,,,,,
E147D696-63F8-45C7-B9D3-0E293948D148,,KSAHS0401AAA,CARRIER,,,,,,,,,,,,,,
E274A34F-1E5C-4E42-AA53-A077D2F5D43A,,38CLC900201,CARRIER,,,,,,,,,,,,,,
E3CCDB70-9883-444B-AA97-932A2A74856F,,LB-31200BAR,LENNOX,,,,,,,,,,,,,,
E50A0EEA-F5A3-43D4-B021-6C4B208D6B76,,91008903,FRIEDRICH,,,,,,,,,,,,,,
E5103D46-0EAB-414E-B72F-06A31988D850,,PTCR-3,EUBANKS,,,,,,,,,,,,,,
E5A7665B-DEEA-4986-9A5A-9D0F389B3CB8,,8552-003,BARD,,,,,,,,,,,,,,
E65CF613-78A7-42CB-BAC5-8AF372F10E84,,R0750045,AMANA,HARD START KIT,,,,,,,,,,,,,
E768546A-A624-45F3-8A24-5FEFFEB2CB29,,SK-C4,RHEEM,,,,,,,,,,,,,,
E82CFEFA-D731-45B4-98AB-6841CE0BF7AB,,105137,HEIL,,,,,,,,,,,,,,
E861D238-CF31-4F61-B63E-0AF6B9D15735,,38TG900291,CARRIER,,,,,,,,,,,,,,
E94580ED-3179-448D-9024-E1D54478929B,,50110011N001,BEAUMARK,,,,,,,,,,,,,,
E9D64DA0-6FC8-47A4-A758-7166C742CB51,,5303317601,FRIGIDAIRE,,,,,,,,,,,,,,
EA7292B5-35D0-4B40-8F4D-8AA72E2B2D98,,R0157056,AMANA,HARD START KIT,,,,,,,,,,,,,
EC2B6842-0ED3-4C8D-ADBD-151A8293265D,,KSAHS2501AAA,CARRIER,,,,,,,,,,,,,,
ED105545-63A5-4BEA-91A4-7D853AC479B7,,910947,NORDYNE,,,,,,,,,,,,,,
ED5615C9-CB17-4983-97E3-4DC7EF521DC3,,50MH900092,CARRIER,,,,,,,,,,,,,,
EEC69624-59C0-4D39-B8FD-64FA27D38A0B,,KIT01962,TRANE,,,,,,,,,,,,,,
EF298654-8579-4CC3-8F1A-7EBEE2AF8726,,61883801,FRIEDRICH,,,,,,,,,,,,,,
EF51125C-31B2-4A56-8E25-482231DB325A,,KSAHS1201AAA,CARRIER,,,,,,,,,,,,,,
ER9P1TN7EQ4JDLN969WDCAPWF5XXPXV4OW8G,,A250904,FRIGIDAIRE,,,,,,,,,,,,,,
F0098C42-DF1B-4B83-AFB2-41A359C19254,,50110011N001,HUNTER,,,,,,,,,,,,,,
F015168C-3639-423A-9354-B56F47F3C65E,,PTCR-5,EUBANKS,,,,,,,,,,,,,,
F1DC809C-1BBC-4661-922F-3670E2F521B1,,5303201723,CREST,,,,,,,,,,,,,,
F1ECF6D1-6C79-4E1F-BF00-7F85B242116F,,SK-A1,RHEEM,,,,,,,,,,,,,,
F2B77279-328B-40BE-8AA3-2FE82BE03C06,,5303318551,WESTINGHOUSE,,,,,,,,,,,,,,
F4DBC3E7-CF87-4459-A82A-D261CE249A0A,,KSAHS1701AAA,BRYANT,,,,,,,,,,,,,,
F5015255-AAE4-4FA6-A32A-5F05F2D020D5,,B-19,WEATHERKING,,,,,,,,,,,,,,
F52ED669-565D-4546-89C7-1BEF41B6F000,,S1-6836-8601,COLEMAN,,,,,,,,,,,,,,
F573B051-16A6-44EF-89D3-565AE6A719BB,,2SA06704006,YORK UPG,,,,,,,,,,,,,,
F62A3F1D-C765-4E17-A3D0-87324EC68F21,,SK-D2-1,RHEEM,,,,,,,,,,,,,,
F654039D-EB6D-49EC-9DD8-94A0BCB672DD,,2SA06705806,YORK UPG,,,,,,,,,,,,,,
F98E9664-498D-419D-B8CA-E310B29E250C,,8A04002,ARCOAIRE,,,,,,,,,,,,,,
F9F264E6-160C-438D-8BDC-329B100F99E7,,SK-B2-2,RHEEM,,,,,,,,,,,,,,
F9F88975-1B5A-42CF-8B4B-BFCD36B5D50F,,313965-755,CARRIER,,,,,,,,,,,,,,
FA15F998-6802-452F-9C9E-6EBB506E5B8C,,313965-752,CARRIER,,,,,,,,,,,,,,
FADD8D14-D97E-4373-9FFA-6DE40CEB5BF1,,SK-K4,RHEEM,,,,,,,,,,,,,,
FBA0EB3F-6E92-45A2-964A-25A499DE217E,,313965-751,CARRIER,,,,,,,,,,,,,,
FBCD2BBF-03B3-41CE-9D60-F8084670A18E,,1201912,ARCOAIRE,,,,,,,,,,,,,,
FC331A00-1DC5-482B-9B38-9CF9691E5028,,81700-72,COMFORT,,,,,,,,,,,,,,
FCFA235B-3127-4BD7-87B3-0FA7D10C422F,,316182-701,CARRIER,,,,,,,,,,,,,,
FD24AFD8-F454-404A-BB42-437F5BB627EB,,50110011N001,JCPENNEY,,,,,,,,,,,,,,
FD2F5591-3F0B-4FAE-A180-BA258358FB81,,11154403,AMANA,HARD START KIT,,,,,,,,,,,,,
FE49F1E0-3689-4515-BE8D-7914AADC35A2,,485883,WHIRLPOOL,,,,,,,,,,,,,,
FF3B0256-F9D0-4D0D-8922-4ACD637D423D,,KAAHS0801AAA,CARRIER,,,,,,,,,,,,,,
FF829FCD-1F04-494B-B715-93F179198C88,,SK-G4,RHEEM,,,,,,,,,,,,,,
GO83LYFTVEB7IIKA2CWGNUNZ7QTM1H7NFKCJ,,911121,NORDYNE,,,,,,,,,,,,,,
GYKOTSY546P5BUP6LG2SMW7MJ1A8JYQ38QBH,,A250904,KELVINATOR,,,,,,,,,,,,,,
I173BMJZJCU75OP7MC43K8SV3IOF6D3719QD,,9104400,NORDYNE,,,,,,,,,,,,,,
JE0MVU0J4S3JFAD94CY9O62Y1LJIWNLBE8SU,,911122,NORDYNE,,,,,,,,,,,,,,
K2L7O85MZPM0HXA71CCN3X4GJZPM821LRFPA,,9104410,NORDYNE,,,,,,,,,,,,,,
L1OY2K034Z2NK8UYFBWOPTRE19CFMAQGWBSZ,,912933,NORDYNE,,,,,,,,,,,,,,
MKFX32SHTWYPKJVSY7S9ZVOO9E2TX4IT4EGL,,9102711,NORDYNE,,,,,,,,,,,,,,
O2G7A3TKC6Z61Q0LSR3AXU7Q4RUD4YVAJGJO,,911070,NORDYNE,,,,,,,,,,,,,,
QAAIMZQ8PVUIZBXH6B6KYDKQZBUJIA1QMI4O,,3017965,FRIGIDAIRE,,,,,,,,,,,,,,
QDM6TLEFGEU337FATN1TQ0Q8SFG0HNY23GIL,,911301,NORDYNE,,,,,,,,,,,,,,
SHFT8UYIAFWZG6QFYG4Y3V7CCZIW1MYE2KLJ,,911123,NORDYNE,,,,,,,,,,,,,,
SNPXZJMGTEX7VHZY4G104IW65XZIBXZ541C3,,8004196,FRIGIDAIRE,,,,,,,,,,,,,,
TGP58FMAB50LYOXY99KIGCSSHEEUB3TUE7VX,,910969,NORDYNE,,,,,,,,,,,,,,
XBY0PZDFUP7KKI5QWU5QMEHZJ733Y7BLSIH4,,911099,NORDYNE,,,,,,,,,,,,,,
ZKHOMUL2Z5G6ICZP4UKY1CYW0ZN6EWJ2U6JH,,911251,NORDYNE,,,,,,,,,,,,,,
ZNRM0OOPRGHV08YU2R9QD7332JQ83RX0S9V9,,RHSK-B2-1,NORDYNE,,,,,,,,,,,,,,
ZOPVQX4XYQMGPH0H6C7X6MOVX7KPXDYGHKVX,,M0074003R,NORDYNE,,,,,,,,,,,,,,
